{"val_loss": [2.093095541000366], "val_accuracy": [0.2800000011920929], "loss": [1.2988779242609587], "accuracy": [